{"train_loss": [0.6988108544013439], "valid_loss": [0.6855323844485812], "train_acc": [51.57051282051282], "valid_acc": [60.69444444444444], "train_time": [58.97907257080078]}